event,points,total_points,rank,rank_sort,overall_rank,bank,value,event_transfers,event_transfers_cost,points_on_bench,id
1,76,76,1415084,1615403,1415084,5,1000,0,0,3,6628862
2,45,117,4480805,4504089,2899420,14,1002,2,4,2,6628862
3,63,176,512587,527608,1258116,32,1005,2,4,5,6628862
4,84,260,1439976,1492363,666287,20,1007,1,0,7,6628862
5,43,303,5508835,5613707,803583,13,1009,1,0,4,6628862
6,82,385,1598865,1640747,505387,23,1010,1,0,6,6628862
7,38,423,7687800,7737231,1242976,16,1010,1,0,4,6628862
8,63,486,652685,678010,532402,4,1013,0,0,14,6628862
9,88,574,1068592,1119936,349397,4,1020,0,0,2,6628862
10,65,639,5765837,5808416,423416,1,1020,2,0,2,6628862
11,23,662,8628928,8688699,606674,8,1027,1,0,1,6628862
12,93,755,155903,165627,234101,2,1030,1,0,15,6628862
13,53,808,2448282,2507821,186325,1,1036,1,0,2,6628862
14,63,871,2467663,2529038,170327,7,1040,1,0,1,6628862
15,34,905,5628309,5718390,185759,8,1039,1,0,0,6628862
16,59,964,1328985,1368452,129317,18,1041,1,0,1,6628862
17,75,1035,134466,142251,66119,87,1048,2,4,1,6628862
18,47,1082,2224564,2287345,68656,87,1055,0,0,18,6628862
19,39,1121,4810399,4887819,81866,50,1057,1,0,10,6628862
1,67,67,3683786,3722397,3683786,0,1000,0,0,3,1207900
2,54,121,1855611,1871623,2185508,0,1001,1,0,2,1207900
3,59,176,894080,901588,1245353,0,1002,2,4,2,1207900
4,84,260,1366113,1373887,631616,15,1009,0,0,10,1207900
5,49,309,2794044,2810829,460151,15,1012,0,0,13,1207900
6,45,354,9377739,9379365,2582559,16,1019,1,0,31,1207900
7,69,423,956315,958984,1219338,14,1023,2,0,9,1207900
8,43,466,5301110,5313219,1404080,12,1025,1,0,8,1207900
9,87,553,1200228,1214930,935879,12,1027,0,0,9,1207900
10,69,622,4424537,4434679,909881,0,1029,2,0,16,1207900
11,26,648,7560794,7582055,1086210,2,1034,1,0,7,1207900
12,73,721,2810178,2821773,1017692,23,1037,1,0,20,1207900
13,60,781,778644,785269,649424,23,1041,0,0,2,1207900
14,65,842,2021048,2023570,629163,6,1036,3,4,5,1207900
15,29,871,7715042,7737405,796655,6,1035,0,0,14,1207900
16,70,941,219663,222787,371617,8,1035,1,0,3,1207900
17,52,993,3206715,3216454,420210,3,1039,1,0,0,1207900
18,55,1048,1003598,1009286,308159,7,1039,2,0,2,1207900
19,52,1100,991157,998646,209146,5,1042,1,0,1,1207900
1,72,72,2372852,2594676,2372852,10,1000,0,0,9,6408907
2,56,128,1384353,1435347,1178821,10,1003,0,0,2,6408907
3,58,186,1023817,1050629,476843,23,1005,2,0,6,6408907
4,73,259,4888836,5005973,689575,31,1008,1,0,6,6408907
5,40,299,6589861,6705402,1022387,31,1006,0,0,2,6408907
6,66,365,5658904,5690847,1650643,42,1004,2,0,1,6408907
7,26,391,9585883,9609434,3647693,42,1005,0,0,3,6408907
8,48,439,3483396,3569936,3319124,0,1001,0,0,3,6408907
9,92,531,655225,688562,1981460,0,1006,0,0,3,6408907
10,66,597,5433832,5474491,2073066,0,1008,2,0,1,6408907
11,32,629,4914720,4995601,2010378,0,1010,1,0,11,6408907
12,94,723,124935,134031,938880,3,1015,1,0,3,6408907
13,46,769,5125783,5204789,1005212,5,1019,1,0,2,6408907
14,69,838,1040383,1076812,718674,9,1021,1,0,11,6408907
15,35,873,5123626,5216279,734696,11,1020,1,0,2,6408907
16,59,932,1328985,1367657,521936,24,1022,1,0,1,6408907
17,67,999,585613,606917,333798,97,1029,1,0,0,6408907
18,55,1054,960219,996219,241153,71,1034,1,0,14,6408907
19,39,1089,4902373,4939291,313861,24,1035,2,4,1,6408907
1,79,79,865905,907110,865905,0,1000,0,0,6,1587233
2,21,100,8909046,8910570,5299355,0,1002,0,0,10,1587233
3,55,147,1571933,1572543,4685507,25,1000,4,8,6,1587233
4,73,220,4888836,4923433,4603179,30,1004,1,0,2,1587233
5,44,260,5192015,5203364,5031426,14,1005,2,4,4,1587233
6,77,337,2524474,2538663,4193689,14,1004,0,0,3,1587233
7,29,362,9386854,9387491,5851255,26,1002,3,4,9,1587233
8,65,427,525962,530066,4312893,27,1004,1,0,1,1587233
9,81,508,2221866,2235841,3461215,23,1006,1,0,1,1587233
10,65,573,5511162,5532592,3577852,2,1006,0,0,2,1587233
11,43,616,1246408,1252482,2829136,5,1012,1,0,9,1587233
12,93,709,155903,159451,1506140,4,1016,1,0,5,1587233
13,51,760,2920264,2941639,1360665,4,1023,0,0,18,1587233
14,67,827,1490904,1501263,1063828,15,1023,2,0,11,1587233
15,43,870,1787551,1806937,831158,15,1025,0,0,3,1587233
16,51,921,2781701,2791066,777491,3,1027,2,0,4,1587233
17,69,986,438418,447645,540366,62,1033,2,4,8,1587233
18,52,1034,1455880,1465058,502485,48,1036,2,4,27,1587233
19,41,1075,4016387,4038286,510859,11,1039,1,0,11,1587233
1,69,69,3163317,3258676,3163317,0,1000,0,0,18,2708901
2,51,120,2461036,2493491,2277634,0,1004,0,0,12,2708901
3,69,189,170684,173205,326639,0,1009,0,0,9,2708901
4,69,258,6510263,6529414,737203,3,1016,2,0,10,2708901
5,30,288,9460147,9473386,1998176,1,1016,1,0,7,2708901
6,67,355,5312167,5339104,2491452,2,1013,1,0,10,2708901
7,65,420,1381173,1391826,1386801,8,1014,1,0,4,2708901
8,54,474,2055579,2072807,974374,0,1016,1,0,6,2708901
9,97,571,316697,327416,400997,2,1017,0,0,6,2708901
10,69,640,4360677,4384834,390009,0,1020,1,0,8,2708901
11,30,670,5828468,5870963,398414,29,1028,1,0,3,2708901
12,64,730,5515234,5531415,726253,52,1029,2,4,3,2708901
13,40,770,7619919,7652101,975545,51,1029,1,0,8,2708901
14,72,842,602267,615022,621397,36,1030,1,0,14,2708901
15,25,867,9178616,9212161,905630,36,1029,0,0,2,2708901
16,59,926,1328985,1350720,646087,50,1027,1,0,1,2708901
17,53,979,3007227,3028277,662135,43,1025,2,0,0,2708901
18,42,1021,3487221,3510887,727926,44,1029,1,0,2,2708901
19,53,1074,844901,857590,517807,65,1031,1,0,4,2708901
1,72,72,2372852,2464306,2372852,0,1000,0,0,4,2365567
2,55,123,1731316,1737607,1961339,5,1002,2,4,11,2365567
3,50,165,2715298,2720121,2480825,29,1007,3,8,6,2365567
4,77,242,3310650,3353583,2226606,29,1013,1,0,7,2365567
5,46,288,4183830,4220679,2075358,28,1014,1,0,5,2365567
6,76,360,2943633,2958162,2109955,4,1014,2,4,4,2365567
7,77,433,406428,408618,746469,7,1018,2,4,4,2365567
8,42,475,5653858,5677773,960653,9,1020,1,0,1,2365567
9,95,570,460948,468428,441120,5,1022,1,0,10,2365567
10,67,637,4843779,4877476,473013,5,1025,0,0,5,2365567
11,28,665,6831360,6851643,531677,11,1031,2,0,14,2365567
12,66,731,4841953,4862035,715042,2,1034,1,0,8,2365567
13,47,778,4464069,4504866,745040,2,1038,0,0,1,2365567
14,83,861,48015,48794,283470,11,1034,2,0,9,2365567
15,32,893,6309737,6364589,335112,11,1034,0,0,5,2365567
16,41,934,5156322,5170089,497174,10,1037,2,0,10,2365567
17,60,994,1497778,1513836,412027,4,1038,1,0,1,2365567
18,48,1038,2173740,2186152,442092,19,1041,2,4,8,2365567
19,35,1073,6175331,6220610,543009,1,1037,0,0,16,2365567
1,68,68,3427332,3519907,3427332,15,1000,0,0,13,2730134
2,40,108,5894972,5931042,4242149,10,1002,1,0,5,2730134
3,45,153,4054210,4086469,3902725,13,1004,1,0,14,2730134
4,69,222,6267235,6293005,4339851,13,1005,0,0,15,2730134
5,37,259,8011624,8025354,5081162,2,1003,2,0,9,2730134
6,71,330,4195006,4222132,4757260,3,1001,1,0,2,2730134
7,56,386,2840976,2862259,4066050,3,1003,0,0,8,2730134
8,43,429,5381140,5402028,4127873,0,1003,2,0,8,2730134
9,93,518,634139,639034,2800386,2,1006,2,4,4,2730134
10,63,581,6172314,6208599,3051299,2,1007,0,0,4,2730134
11,33,614,4463702,4501370,2937428,1,1007,1,0,2,2730134
12,98,712,41569,42664,1357190,1,1007,0,0,2,2730134
13,52,764,2848295,2865002,1194771,5,1007,2,0,8,2730134
14,66,830,1547379,1573886,952260,5,1009,0,0,2,2730134
15,28,858,8144074,8196176,1204917,5,1008,0,0,2,2730134
16,65,923,524466,534832,713573,5,1010,0,0,11,2730134
17,57,980,1979556,1996998,638197,5,1010,0,0,2,2730134
18,37,1017,4724615,4761510,806678,5,1011,0,0,2,2730134
19,44,1061,2740067,2781750,747657,5,1010,0,0,3,2730134
1,76,76,1415084,1551725,1415084,20,1000,0,0,5,4114608
2,37,113,6582088,6622951,3405686,20,1001,0,0,13,4114608
3,53,162,1984774,1991670,2826124,16,1007,3,4,6,4114608
4,82,244,1847816,1890323,1989176,19,1013,1,0,5,4114608
5,34,278,8795774,8832711,3146772,6,1013,1,0,12,4114608
6,84,362,1267644,1291925,1919997,18,1016,1,0,2,4114608
7,42,404,6634934,6673992,2590947,33,1022,1,0,3,4114608
8,49,453,3193681,3241266,2262116,2,1016,0,0,8,4114608
9,81,534,2221866,2253487,1835066,3,1021,1,0,19,4114608
10,64,598,6031796,6065911,2033216,8,1021,1,0,3,4114608
11,31,629,5113096,5199469,2017127,8,1027,0,0,13,4114608
12,73,702,2870707,2897688,1813703,14,1025,2,0,3,4114608
13,57,759,1404220,1430512,1392217,11,1028,1,0,1,4114608
14,67,822,1490904,1513090,1233220,27,1026,2,4,2,4114608
15,23,845,9797868,9809038,1738070,4,1028,1,0,5,4114608
16,58,903,1420891,1448950,1298551,4,1029,0,0,2,4114608
17,40,943,6623801,6642128,1656733,7,1028,2,0,0,4114608
18,69,1012,61993,64482,927670,7,1028,0,0,9,4114608
19,49,1061,1551139,1579003,755629,0,1032,1,0,10,4114608
1,74,74,1871592,1876989,1871592,0,1000,0,0,11,98481
2,46,120,3894261,3895886,2277634,0,1002,0,0,2,98481
3,65,185,377845,378459,531104,6,1004,2,0,5,98481
4,70,255,6057126,6059080,957632,24,1007,1,0,10,98481
5,38,293,7572009,7574018,1534874,12,1006,1,0,10,98481
6,69,358,4820779,4821834,2264814,7,1004,2,4,10,98481
7,41,399,6907847,6909285,3004172,30,1005,1,0,5,98481
8,57,456,1389514,1390699,2048557,3,1001,0,0,5,98481
9,84,540,1637165,1639021,1508910,3,1008,0,0,5,98481
10,69,609,4360677,4361578,1451770,5,1009,1,0,9,98481
11,24,633,8307404,8309220,1795870,6,1016,1,0,11,98481
12,88,721,415860,416653,1011491,7,1019,1,0,2,98481
13,41,762,7234252,7235999,1265134,4,1022,1,0,3,98481
14,63,821,2594320,2594703,1270062,1,1020,3,4,11,98481
15,32,853,6625371,6627774,1406786,1,1019,1,0,3,98481
16,55,908,2009695,2010704,1139310,17,1018,1,0,2,98481
17,57,965,2057001,2057980,990508,2,1019,1,0,1,98481
18,56,1021,789039,789606,730677,2,1022,0,0,0,98481
19,38,1059,5231962,5233974,797126,1,1022,1,0,0,98481
1,63,63,4664772,4833769,4664773,0,1000,0,0,17,6119886
2,54,117,1855611,1924377,2823904,0,1000,1,0,11,6119886
3,36,153,7110292,7170163,3902725,4,1002,1,0,9,6119886
4,91,244,525129,546055,1948214,7,1002,1,0,3,6119886
5,44,288,5059489,5157387,2023056,25,1005,1,0,18,6119886
6,71,359,4195006,4250646,2152755,5,1006,1,0,15,6119886
7,66,425,1197378,1228414,1095567,5,1010,0,0,15,6119886
8,39,464,6806743,6847840,1522948,2,1015,2,0,5,6119886
9,84,548,1712619,1750162,1146375,11,1018,1,0,19,6119886
10,62,610,6487098,6578610,1404107,11,1021,0,0,5,6119886
11,13,619,10139821,10140367,2631579,0,1024,3,4,22,6119886
12,86,705,572207,592156,1678800,4,1024,1,0,4,6119886
13,46,751,5125783,5202283,1748797,2,1025,1,0,0,6119886
14,61,812,3101059,3163227,1627847,7,1022,1,0,3,6119886
15,36,848,4641019,4722172,1609645,3,1019,1,0,22,6119886
16,80,928,19265,20429,611243,12,1019,1,0,3,6119886
17,44,972,5444030,5476758,819077,85,1024,1,0,0,6119886
18,52,1024,1399212,1444972,673377,88,1028,1,0,3,6119886
19,31,1055,7680380,7803196,883390,88,1032,0,0,6,6119886
1,86,86,170883,202081,170883,5,1000,0,0,11,5363078
2,44,130,4684189,4765553,1000283,4,1001,1,0,12,5363078
3,44,174,4382822,4448105,1387198,40,1003,1,0,7,5363078
4,75,249,4060550,4161177,1455389,28,1005,1,0,4,5363078
5,39,288,7192520,7271265,2023056,21,1005,1,0,20,5363078
6,55,343,8156111,8181735,3622845,31,1006,1,0,11,5363078
7,39,382,7436468,7480636,4403929,21,1007,1,0,6,5363078
8,46,428,4107174,4175860,4194304,1,998,0,0,9,5363078
9,109,537,28667,31050,1656246,1,1001,0,0,5,5363078
10,70,607,4033066,4074791,1542878,0,1005,1,0,3,5363078
11,31,638,5370489,5443653,1528704,4,1011,1,0,14,5363078
12,74,712,2551213,2592876,1352473,0,1014,1,0,8,5363078
13,58,770,1245861,1262489,975545,0,1017,2,0,25,5363078
14,51,821,6654370,6698443,1259708,6,1018,1,0,7,5363078
15,33,854,6129430,6206666,1357865,1,1020,1,0,8,5363078
16,60,910,1212962,1236246,1073780,0,1021,2,4,-1,5363078
17,73,979,204806,214010,667539,60,1026,2,4,1,5363078
18,37,1016,4909144,4954894,838899,57,1029,1,0,18,5363078
19,37,1053,5373719,5490034,928786,57,1035,0,0,11,5363078
1,70,70,2900746,2954049,2900746,5,1000,0,0,8,1430525
2,53,123,1979072,1995267,1829113,5,1002,0,0,4,1430525
3,48,171,3122324,3139219,1679006,8,1004,1,0,5,1430525
4,74,245,4472680,4503775,1824234,30,1005,1,0,4,1430525
5,34,279,8795774,8811333,2978704,4,1003,1,0,4,1430525
6,68,347,5104954,5114900,3250903,29,1002,2,0,2,1430525
7,61,408,1978362,1986118,2251327,18,1001,1,0,9,1430525
8,52,460,2405990,2422318,1763658,6,1002,0,0,12,1430525
9,107,567,46391,47935,492483,6,1010,0,0,2,1430525
10,53,620,8804162,8809837,971456,0,1013,1,0,3,1430525
11,35,655,3608287,3626497,808790,33,1020,1,0,2,1430525
12,66,721,4904840,4914671,1011491,36,1022,2,0,17,1430525
13,50,771,3274038,3294378,938007,36,1025,0,0,3,1430525
14,65,836,1976659,1987574,775239,63,1021,2,0,3,1430525
15,30,866,7263565,7292299,936812,63,1022,0,0,2,1430525
16,57,919,1742986,1744649,820616,38,1022,3,4,3,1430525
17,58,973,1902121,1914392,796159,31,1024,2,4,2,1430525
18,32,1005,6508747,6520329,1103870,31,1026,1,0,18,1430525
19,46,1051,2310664,2329335,977970,22,1028,1,0,15,1430525
1,85,85,214514,244536,214514,0,1000,0,0,12,2718062
2,64,149,429953,439561,64975,0,1003,0,0,4,2718062
3,54,203,1717560,1738448,46664,3,1008,2,0,12,2718062
4,72,275,5300005,5349591,122404,12,1013,1,0,13,2718062
5,35,310,8532278,8566679,432438,10,1011,1,0,6,2718062
6,78,388,2302435,2326348,381185,10,1010,0,0,4,2718062
7,35,423,8416579,8428085,1219338,11,1007,2,0,26,2718062
8,34,457,8157840,8184115,1965600,11,1005,0,0,6,2718062
9,99,556,227112,236198,820000,0,1000,0,0,5,2718062
10,53,609,8707585,8725879,1442514,0,1003,0,0,11,2718062
11,17,626,9892458,9898640,2183665,1,1005,2,0,18,2718062
12,76,702,1967258,1988265,1798031,1,1005,0,0,1,2718062
13,41,743,7322430,7342209,2116861,2,1004,2,0,2,2718062
14,53,796,5760136,5799412,2348651,2,1007,0,0,12,2718062
15,48,844,935787,941799,1766771,1,1003,2,0,10,2718062
16,79,923,22665,23308,713573,1,1004,0,0,0,2718062
17,45,964,5247013,5252447,1010205,11,1003,3,4,1,2718062
18,35,999,5363529,5401728,1256810,11,1006,0,0,10,2718062
19,51,1050,1059106,1080334,992761,11,1010,0,0,10,2718062
1,76,76,1415084,1465971,1415084,10,1000,0,0,5,1226471
2,49,125,2997351,3020409,1550166,10,1003,0,0,6,1226471
3,58,183,980024,989527,638768,19,1006,1,0,3,1226471
4,74,257,4619663,4634011,816260,21,1008,2,0,8,1226471
5,35,292,8386418,8405813,1602962,21,1008,0,0,1,1226471
6,50,342,8900573,8904114,3697145,22,1006,1,0,2,1226471
7,41,383,6978504,6986980,4323422,10,1003,2,0,2,1226471
8,56,435,1702932,1708953,3671287,1,998,2,4,0,1226471
9,83,518,1873180,1883999,2800386,1,1001,1,0,6,1226471
10,76,594,2120419,2132443,2261206,1,1000,0,0,6,1226471
11,38,632,2311526,2325849,1850292,2,990,0,0,6,1226471
12,65,697,5151754,5161868,2053148,7,993,1,0,2,1226471
13,45,742,5559389,5579048,2172548,10,996,1,0,6,1226471
14,83,825,44915,45479,1116375,0,995,1,0,3,1226471
15,26,851,8878324,8893451,1472026,0,995,0,0,0,1226471
16,55,906,2051843,2058634,1195019,11,997,2,0,0,1226471
17,64,966,939844,949855,962117,89,1001,2,4,0,1226471
18,52,1018,1399212,1413300,793020,83,1007,1,0,2,1226471
19,32,1050,7582689,7595265,999317,73,1012,1,0,0,1226471
1,73,73,2126260,2342139,2126260,0,1000,0,0,5,6843213
2,34,107,7311497,7373161,4333687,0,1003,0,0,7,6843213
3,68,175,227576,235639,1290433,38,1004,2,0,6,6843213
4,87,262,956957,995652,526304,36,1009,1,0,10,6843213
5,46,308,4183830,4284541,515318,21,1008,1,0,2,6843213
6,54,362,8328149,8356742,1896102,24,1007,1,0,1,6843213
7,33,395,8755811,8789687,3323021,34,1008,1,0,7,6843213
8,45,440,4430289,4530491,3247829,0,1003,0,0,12,6843213
9,87,527,1200228,1253651,2217355,0,1008,0,0,1,6843213
10,70,593,4141950,4152733,2318934,0,1009,3,4,8,6843213
11,36,629,2990395,3122242,2017127,0,1013,0,0,-3,6843213
12,83,712,916750,938635,1363999,2,1015,2,0,1,6843213
13,52,764,2587047,2699407,1188835,2,1018,0,0,4,6843213
14,74,838,425671,438630,726084,0,1020,2,0,2,6843213
15,27,865,8532746,8673941,971995,0,1021,0,0,1,6843213
16,62,927,895058,925445,626572,0,1023,1,0,1,6843213
17,48,975,4338981,4382988,748964,0,1020,2,0,2,6843213
18,36,1011,5234149,5288537,951523,0,1021,1,0,2,6843213
19,39,1050,4810399,4889220,999317,2,1020,1,0,3,6843213
1,58,58,5703138,5756519,5703139,15,1000,0,0,16,2738427
2,63,121,539881,554261,2185508,10,1001,1,0,0,2738427
3,45,166,3932769,3959012,2255074,27,1006,0,0,3,2738427
4,52,218,8775777,8779905,4742165,35,1007,1,0,6,2738427
5,42,260,5953047,5998107,4975956,30,1007,1,0,2,2738427
6,64,324,6124306,6148806,5212843,30,1006,1,0,8,2738427
7,59,383,2335408,2351967,4311065,14,1009,1,0,14,2738427
8,50,433,3053133,3075860,3802740,14,1012,1,0,9,2738427
9,83,516,1797054,1823929,2899806,14,1016,0,0,5,2738427
10,51,567,9130506,9138042,3932786,57,1015,2,0,4,2738427
11,47,614,680425,685304,2928397,48,1020,1,0,6,2738427
12,48,662,9030963,9038153,4027827,54,1022,1,0,4,2738427
13,41,703,7234252,7268900,4339718,3,1023,1,0,16,2738427
14,62,765,2778124,2808751,3996393,1,1025,1,0,10,2738427
15,44,809,1541235,1574328,3524364,1,1024,0,0,7,2738427
16,62,871,930424,942586,2586293,21,1023,2,0,8,2738427
17,60,931,1497778,1515854,2086913,14,1030,1,0,0,2738427
18,56,987,789039,802721,1615705,14,1036,0,0,10,2738427
19,55,1042,603657,613457,1196964,0,1039,1,0,4,2738427
1,59,59,5512192,5650497,5512193,0,1000,0,0,0,6011980
2,37,96,6582088,6644462,5785558,0,1000,0,0,0,6011980
3,33,129,7834805,7887169,6389291,0,999,0,0,0,6011980
4,93,222,354385,369198,4321053,0,995,0,0,0,6011980
5,55,277,1279223,1299684,3192433,1,994,2,0,10,6011980
6,71,348,4058826,4131939,3123861,1,994,0,0,12,6011980
7,90,434,81461,81734,676694,1,998,3,4,9,6011980
8,46,480,4107174,4185917,716528,1,1005,0,0,0,6011980
9,73,553,3720363,3783003,927717,1,1007,0,0,0,6011980
10,66,619,5433832,5472528,1009588,0,1010,2,0,0,6011980
11,44,663,969109,1017487,562475,0,1014,0,0,0,6011980
12,79,742,1392012,1432325,431385,0,1015,0,0,0,6011980
13,50,792,3274038,3380312,401023,0,1016,0,0,0,6011980
14,66,858,1547379,1612641,312914,0,1017,0,0,0,6011980
15,25,883,9178616,9269659,496685,0,1016,0,0,0,6011980
16,40,923,5345520,5380030,710612,0,1014,1,0,1,6011980
17,46,969,4706590,4781290,877156,0,1016,0,0,0,6011980
18,32,1001,6300487,6397280,1195936,7,1013,0,0,10,6011980
19,36,1037,5774144,5908312,1327288,7,1017,0,0,2,6011980
1,66,66,3935101,4019666,3935101,15,1000,0,0,25,2707094
2,45,111,4202702,4244967,3723117,15,1003,0,0,9,2707094
3,40,151,5886695,5909762,4149521,28,1004,2,0,8,2707094
4,44,195,9186985,9188940,6555536,58,1007,1,0,6,2707094
5,66,261,116247,118702,4899004,52,1005,1,0,11,2707094
6,62,323,6641235,6663813,5298526,38,1007,1,0,18,2707094
7,48,371,4952204,4978254,5234003,12,1010,1,0,1,2707094
8,69,440,278903,282558,3260546,10,1010,1,0,2,2707094
9,89,529,1006914,1021673,2117692,15,1011,1,0,3,2707094
10,66,595,5371465,5394675,2203533,14,1012,1,0,11,2707094
11,23,618,8628928,8659278,2685167,5,1017,1,0,7,2707094
12,76,694,2073189,2095830,2215580,5,1020,1,0,4,2707094
13,48,742,4273854,4312901,2179479,8,1023,1,0,5,2707094
14,46,788,8146254,8160425,2770478,15,1024,1,0,17,2707094
15,48,836,908521,919334,2144746,19,1026,1,0,16,2707094
16,87,923,2698,2772,721295,7,1026,1,0,7,2707094
17,42,965,5847695,5877075,984176,7,1033,0,0,14,2707094
18,32,997,6560511,6572837,1319422,17,1036,2,0,4,2707094
19,36,1033,6045127,6076885,1454598,17,1040,1,0,9,2707094
1,74,74,1871592,1944541,1871592,10,1000,0,0,3,1822533
2,51,125,2574089,2601872,1609688,8,1001,1,0,2,1822533
3,43,168,4723506,4746380,2039192,26,1004,1,0,3,1822533
4,76,244,3533268,3556022,1926932,26,1006,0,0,5,1822533
5,38,282,7679477,7689816,2668478,25,1005,2,0,2,1822533
6,79,361,2190098,2205990,1980774,35,1002,1,0,2,1822533
7,51,408,4208536,4220937,2270619,23,1004,2,4,3,1822533
8,34,442,8308510,8320308,3117019,10,1004,1,0,6,1822533
9,85,527,1484129,1504220,2235383,1,1005,0,0,5,1822533
10,75,602,2369338,2389986,1805896,1,1007,0,0,18,1822533
11,18,620,9744766,9754137,2552014,2,1011,1,0,11,1822533
12,77,697,1906882,1919711,2060691,16,1012,2,0,4,1822533
13,43,740,6188845,6217394,2275173,16,1015,0,0,0,1822533
14,65,805,1976659,1989951,1931389,18,1012,2,0,11,1822533
15,33,838,6129430,6162827,2050144,18,1013,1,0,3,1822533
16,59,897,1256127,1267669,1504944,18,1014,0,0,3,1822533
17,44,941,5488199,5499244,1722740,68,1015,2,0,0,1822533
18,53,990,1289655,1298989,1530839,18,1016,2,4,15,1822533
19,36,1026,5774144,5808371,1667989,18,1022,0,0,18,1822533
1,77,77,1221598,1288229,1221598,5,1000,0,0,13,2271863
2,53,130,1979072,2003377,959619,5,1003,0,0,15,2271863
3,29,159,8752647,8757397,3149073,16,1004,2,0,11,2271863
4,77,236,3310650,3352131,2824852,16,1008,1,0,1,2271863
5,54,290,1442868,1461659,1821704,15,1004,1,0,15,2271863
6,70,360,4329833,4354520,2048315,15,1005,0,0,21,2271863
7,41,401,6907847,6931145,2802373,1,1006,1,0,9,2271863
8,57,458,1389514,1409111,1890448,4,1000,0,0,10,2271863
9,74,524,3705211,3707028,2415323,6,1005,3,8,5,2271863
10,58,582,7629949,7653293,2979048,6,1007,0,0,14,2271863
11,23,601,8745439,8748626,3783767,2,1008,3,4,7,2271863
12,91,692,219662,223619,2320866,2,1008,0,0,4,2271863
13,43,735,6188845,6225619,2538641,2,1013,0,0,2,2271863
14,45,780,8225047,8246281,3182075,2,1013,0,0,3,2271863
15,45,825,1505541,1513459,2684572,1,1008,2,0,10,2271863
16,49,874,3155695,3174541,2450164,1,1008,1,0,9,2271863
17,54,928,2620748,2637522,2199601,1,1011,0,0,7,2271863
18,47,975,2224564,2245598,2017958,1,1013,0,0,9,2271863
19,43,1018,3068994,3105593,1920151,1,1017,0,0,10,2271863
1,71,71,2641868,2727920,2641868,0,1000,0,0,14,2357890
2,61,132,728919,745138,812849,0,1002,1,0,13,2357890
3,34,166,7686047,7702127,2276694,13,1005,1,0,5,2357890
4,97,263,195462,198630,477706,11,1009,1,0,2,2357890
5,51,314,2282928,2309884,298910,10,1008,1,0,5,2357890
6,72,386,3788704,3813681,444766,10,1010,0,0,3,2357890
7,40,426,7244364,7258943,1053397,6,1010,2,0,9,2357890
8,38,464,7069978,7092372,1522948,1,1007,1,0,2,2357890
9,69,533,4594603,4616888,1879923,0,1001,0,0,9,2357890
10,66,599,5371465,5391944,1968009,2,1003,1,0,5,2357890
11,39,638,2016782,2044882,1528704,2,1010,0,0,5,2357890
12,65,703,5212224,5227062,1758715,18,1011,2,0,16,2357890
13,49,752,3649759,3687563,1685152,18,1013,0,0,2,2357890
14,55,807,5320001,5338789,1834730,10,1013,2,0,3,2357890
15,19,826,10210030,10210984,2633124,1,1011,1,0,0,2357890
16,51,877,2734027,2751852,2316728,0,1011,1,0,2,2357890
17,48,925,4289499,4305720,2322146,6,1010,1,0,0,2357890
18,36,961,5234149,5257370,2539782,16,1009,1,0,8,2357890
19,51,1012,1158090,1173167,2132924,6,1006,1,0,10,2357890
1,76,76,1415084,1481086,1415084,0,1000,0,0,6,1696698
2,47,123,3727130,3754560,1890551,5,1001,1,0,15,1696698
3,46,169,3615012,3629524,1902396,5,1004,0,0,13,1696698
4,71,240,5816212,5831667,2379176,2,1006,2,0,25,1696698
5,43,283,5289535,5320405,2533857,2,1009,0,0,13,1696698
6,86,369,1022819,1028692,1349824,21,1011,2,0,10,1696698
7,36,405,8039657,8052110,2475644,21,1018,0,0,9,1696698
8,55,460,1895221,1903477,1776571,4,1022,2,0,10,1696698
9,70,530,4373135,4388917,2049583,4,1027,0,0,4,1696698
10,69,599,4424537,4438007,1977539,3,1028,2,0,4,1696698
11,32,631,4914720,4940115,1913980,8,1030,1,0,-1,1696698
12,68,695,4299520,4310552,2170292,21,1027,2,4,2,1696698
13,62,757,609674,615281,1482011,0,1031,1,0,4,1696698
14,59,816,3600782,3623380,1457894,0,1033,0,0,6,1696698
15,23,839,9818580,9820971,2008568,15,1029,2,0,1,1696698
16,47,886,3622450,3638290,1941745,8,1029,1,0,3,1696698
17,45,931,5151013,5161507,2094234,31,1028,1,0,1,1696698
18,51,982,1506641,1518863,1785224,31,1029,0,0,10,1696698
19,29,1011,8328460,8351729,2168237,1,1026,0,0,13,1696698
1,80,80,710070,787566,710070,0,1000,0,0,4,3276630
2,35,115,7080599,7109340,3081330,0,1003,0,0,10,3276630
3,52,167,2168493,2192414,2157094,9,1007,2,0,0,3276630
4,70,237,6057126,6105954,2711799,3,1011,1,0,2,3276630
5,56,293,932815,957381,1511523,3,1011,0,0,0,3276630
6,59,352,7353645,7375643,2767040,3,1011,1,0,5,3276630
7,41,393,6978504,6999091,3492818,15,1008,2,0,5,3276630
8,57,446,1514277,1527294,2804003,12,1009,2,4,0,3276630
9,74,520,3613515,3641156,2674006,14,1008,1,0,6,3276630
10,69,589,4360677,4389398,2566705,26,1010,1,0,4,3276630
11,32,621,4658227,4724353,2500214,26,1015,0,0,5,3276630
12,77,698,1757484,1781663,2002677,26,1019,0,0,2,3276630
13,50,748,3567179,3589783,1883834,6,1022,2,0,2,3276630
14,54,802,5400119,5449837,2065471,6,1024,0,0,3,3276630
15,43,845,2016987,2030447,1733263,0,1021,2,0,2,3276630
16,39,884,5573987,5592245,2020553,8,1019,1,0,2,3276630
17,42,926,6023252,6039847,2286483,2,1022,1,0,0,3276630
18,49,975,1860835,1885360,2023100,2,1022,0,0,0,3276630
19,36,1011,6045127,6082516,2168237,0,1022,1,0,2,3276630
1,55,55,6219594,6219777,6219595,0,1000,0,0,12,45844
2,32,87,7819682,7819842,6724112,0,1001,1,0,1,45844
3,43,130,4723506,4723931,6337642,0,1002,1,0,8,45844
4,93,223,354385,354450,4236001,0,1002,0,0,6,45844
5,54,277,1442868,1443075,3204101,0,1001,1,0,12,45844
6,59,336,7353645,7353924,4236014,15,999,1,0,9,45844
7,51,387,4142940,4143537,3983239,20,1002,1,0,16,45844
8,65,452,525962,526152,2321762,19,1004,1,0,10,45844
9,75,527,3400672,3401076,2224719,1,1005,1,0,15,45844
10,71,598,3709922,3710479,2023757,4,1004,1,0,28,45844
11,46,644,793627,793711,1249976,2,1008,1,0,7,45844
12,79,723,1471737,1472369,943073,3,1010,1,0,10,45844
13,33,756,9506040,9506291,1512312,3,1012,1,0,14,45844
14,41,797,9185329,9185376,2306992,3,1012,1,0,13,45844
15,29,826,8002258,8003570,2633124,4,1012,1,0,6,45844
16,64,890,662572,663145,1771647,6,1008,1,0,1,45844
17,42,932,6023252,6023356,2048879,68,1010,1,0,1,45844
18,42,974,3487221,3487702,2058764,67,1009,1,0,16,45844
19,32,1006,7639866,7640041,2350578,74,1010,2,0,14,45844
1,75,75,1648468,1785971,1648468,0,1000,0,0,7,4523288
2,47,122,3596814,3651287,1977198,0,1002,0,0,2,4523288
3,50,168,2715298,2724050,2094958,6,1004,3,4,1,4523288
4,93,261,380575,392684,602380,19,1007,1,0,4,4523288
5,49,310,2977394,3036849,445895,27,1006,1,0,7,4523288
6,45,355,9377739,9384164,2534103,12,1009,1,0,-2,4523288
7,37,388,7984070,8005649,3940265,17,1009,2,4,5,4523288
8,52,440,2533305,2564413,3284175,19,1006,1,0,0,4523288
9,84,524,1712619,1742814,2432706,13,1006,1,0,5,4523288
10,68,592,4501161,4575427,2387090,13,1008,0,0,6,4523288
11,31,623,5113096,5208979,2378813,13,1015,0,0,2,4523288
12,72,695,3140291,3169016,2170292,15,1017,2,0,5,4523288
13,60,755,864837,884720,1568294,12,1016,1,0,1,4523288
14,55,810,5242024,5288842,1713570,20,1015,1,0,4,4523288
15,30,840,7564295,7620763,1962461,19,1016,1,0,0,4523288
16,50,890,2939465,2970885,1780511,24,1018,1,0,0,4523288
17,38,928,6949570,7006320,2206818,24,1022,0,0,0,4523288
18,38,962,4704135,4710032,2510690,59,1020,3,4,0,4523288
19,40,1002,4404616,4457177,2502801,59,1024,1,0,1,4523288
1,73,73,2126260,2239757,2126260,35,1000,0,0,12,3306255
2,68,137,249148,251177,470970,29,1000,2,4,13,3306255
3,32,169,8074967,8098312,1923703,29,1005,0,0,15,3306255
4,75,244,4205856,4239807,1989176,21,1009,2,0,7,3306255
5,40,284,6791500,6843232,2481563,12,1009,1,0,6,3306255
6,75,351,3241508,3245404,2920832,2,1010,3,8,13,3306255
7,42,381,6767480,6768797,4522960,1,1012,4,12,8,3306255
8,59,428,1225974,1227197,4244580,0,1011,4,12,2,3306255
9,86,514,1337490,1370294,3077426,0,1018,0,0,4,3306255
10,54,568,8660832,8674378,3906429,1,1019,2,0,4,3306255
11,34,602,3781156,3843195,3738502,1,1021,0,0,5,3306255
12,83,685,834577,848276,2727380,1,1018,0,0,2,3306255
13,52,721,2914580,2915002,3347436,3,1013,6,16,6,3306255
14,63,776,2594320,2600974,3430589,13,1015,3,8,10,3306255
15,38,814,3473488,3543512,3288590,13,1019,0,0,14,3306255
16,49,863,3045938,3074976,2982406,13,1022,0,0,1,3306255
17,44,907,5276588,5313739,3097299,60,1019,0,0,0,3306255
18,60,967,440048,452956,2333405,25,1023,1,0,3,3306255
19,33,1000,6953100,7016610,2586831,25,1030,0,0,9,3306255
1,74,74,1871592,1995271,1871592,0,1000,0,0,1,3373198
2,64,138,460230,476557,387345,5,1001,1,0,4,3373198
3,41,179,5431720,5473500,938026,14,1002,1,0,18,3373198
4,66,241,7320068,7333820,2310015,44,1005,2,4,4,3373198
5,54,295,1325709,1358304,1357947,0,1006,0,0,2,3373198
6,48,343,9056243,9070057,3605395,0,1011,0,0,13,3373198
7,43,386,6225279,6257998,4058261,0,1014,0,0,3,3373198
8,43,429,5121555,5165528,4104615,0,1015,0,0,2,3373198
9,89,518,1040289,1048266,2772090,3,1013,2,0,8,3373198
10,78,596,1674627,1707137,2125871,3,1016,0,0,9,3373198
11,14,610,10070450,10077725,3170874,3,1021,0,0,12,3373198
12,75,685,2191128,2219606,2682813,3,1025,0,0,2,3373198
13,44,729,6091643,6118567,2856114,0,1026,2,0,3,3373198
14,50,779,6783072,6829042,3227805,0,1026,0,0,3,3373198
15,41,820,2365599,2422618,2929592,0,1027,0,0,7,3373198
16,51,871,2734027,2758061,2574110,0,1025,1,0,2,3373198
17,36,907,7651647,7660933,3065162,6,1022,1,0,0,3373198
18,41,948,3603617,3644945,3038513,6,1020,0,0,1,3373198
19,51,999,1059106,1085970,2594510,6,1019,0,0,0,3373198
1,71,71,2641868,2739654,2641868,0,1000,0,0,0,2710257
2,32,103,7819682,7836848,4955634,29,1001,1,0,0,2710257
3,43,142,4828249,4854556,5224196,28,1005,2,4,1,2710257
4,74,216,4472680,4527530,4974555,28,1006,1,0,16,2710257
5,50,266,2617575,2651017,4437880,16,1005,1,0,1,2710257
6,58,320,7618791,7628571,5533041,3,1009,2,4,0,2710257
7,34,354,8463742,8483229,6296858,3,1011,0,0,5,2710257
8,50,404,2918850,2947775,5854207,3,1010,0,0,0,2710257
9,80,484,2464578,2474032,4969855,2,1008,2,0,2,2710257
10,86,570,576619,583187,3758913,1,1008,1,0,1,2710257
11,20,590,9406996,9431047,4483414,2,1011,1,0,9,2710257
12,74,664,2551213,2574873,3924041,0,1012,1,0,0,2710257
13,47,707,4794773,4816709,4129123,2,1013,2,4,2,2710257
14,49,756,7100674,7134996,4484196,2,1015,0,0,3,2710257
15,44,800,1541235,1573909,4015355,2,1015,0,0,8,2710257
16,57,857,1586404,1604790,3243603,2,1014,0,0,2,2710257
17,53,910,2957650,2977455,2946410,7,1013,1,0,6,2710257
18,45,955,2778225,2803990,2773127,1,1012,1,0,0,2710257
19,40,995,4159366,4209903,2755139,1,1013,0,0,2,2710257
1,48,48,7119099,7191638,7119099,5,1000,0,0,5,6596409
2,42,86,5401150,5422968,6829963,5,1000,2,4,0,6596409
3,28,114,8852526,8872265,7366748,8,1000,1,0,3,6596409
4,90,200,644513,657180,6261667,2,996,2,4,2,6596409
5,35,231,8618753,8645482,6944440,37,994,2,4,9,6596409
6,52,283,8548777,8592948,7412286,14,994,0,0,8,6596409
7,63,346,1660511,1688550,6704039,14,1000,1,0,4,6596409
8,48,394,3641337,3695521,6410629,9,1001,1,0,7,6596409
9,72,466,3935912,4005145,5957434,9,1004,0,0,5,6596409
10,66,532,5433832,5475345,5949094,16,1005,2,0,3,6596409
11,33,565,4463702,4544324,5894532,5,1008,1,0,-1,6596409
12,72,633,3140291,3179055,5621114,15,1012,2,4,5,6596409
13,47,680,4464069,4595736,5558159,15,1015,0,0,4,6596409
14,62,742,2855206,2897702,5194315,8,1012,2,0,4,6596409
15,34,776,5628309,5718113,5240837,3,1011,1,0,7,6596409
16,44,820,4235333,4307739,4993641,3,1012,0,0,0,6596409
17,51,867,3572314,3586262,4825542,21,1011,3,4,0,6596409
18,69,936,61993,66122,3542793,21,1015,0,0,8,6596409
19,50,986,1344418,1381007,3113302,18,1018,1,0,26,6596409
1,70,70,2900746,2999610,2900746,30,1000,0,0,1,2756310
2,31,101,7998366,8014358,5220568,80,1003,1,0,3,2756310
3,64,165,419202,429146,2398379,74,1003,1,0,10,2756310
4,50,215,8864793,8869807,5027574,81,1009,0,0,6,2756310
5,53,268,1693711,1719617,4188801,41,1016,1,0,7,2756310
6,74,342,3385074,3412612,3697145,60,1019,1,0,7,2756310
7,32,374,8928488,8942191,5007916,56,1020,1,0,3,2756310
8,65,439,525962,532639,3326575,41,1020,1,0,2,2756310
9,88,527,1133400,1149866,2224719,19,1023,1,0,7,2756310
10,75,602,2369338,2402236,1799493,19,1025,0,0,17,2756310
11,30,632,5828468,5871629,1843511,19,1031,1,0,11,2756310
12,61,693,6335187,6353479,2255303,10,1034,1,0,8,2756310
13,43,736,6419004,6456813,2479929,13,1035,1,0,6,2756310
14,45,781,8391684,8403994,3128860,16,1035,1,0,15,2756310
15,27,808,8532746,8578807,3574487,16,1035,0,0,6,2756310
16,58,866,1420891,1439034,2807962,16,1033,0,0,11,2756310
17,43,909,5563753,5593896,2980091,16,1031,0,0,6,2756310
18,36,945,5037933,5077083,3159655,16,1031,0,0,1,2756310
19,36,981,5774144,5828784,3288428,16,1031,0,0,2,2756310
1,56,56,6055816,6218939,6055817,0,1000,0,0,2,8033091
2,41,93,5700608,5726305,6193618,5,1001,2,4,4,8033091
3,40,133,5786466,5878529,6105082,23,1000,1,0,1,8033091
4,73,202,5036609,5107321,6126386,32,1001,2,4,4,8033091
5,50,252,2617575,2708953,5686613,22,1003,1,0,11,8033091
6,72,324,3924231,3992099,5246768,3,1003,1,0,10,8033091
7,44,364,6150224,6196642,5724184,0,1004,2,4,16,8033091
8,50,414,2918850,3015181,5238189,0,1007,0,0,4,8033091
9,70,484,4373135,4463201,4969855,2,1007,0,0,5,8033091
10,71,555,3525146,3661661,4683908,2,1009,0,0,12,8033091
11,39,594,2256053,2289501,4232038,6,1015,2,0,8,8033091
12,75,669,2305760,2357852,3632455,12,1020,1,0,2,8033091
13,36,705,8878610,8926441,4238025,14,1023,1,0,0,8033091
14,35,740,9824502,9863595,5282060,14,1022,0,0,9,8033091
15,37,773,4327925,4336656,5379110,0,1020,3,4,8,8033091
16,48,821,3267702,3352293,4946815,0,1022,0,0,2,8033091
17,54,875,2767107,2815639,4484799,30,1023,2,0,2,8033091
18,61,936,367905,389508,3540894,13,1026,1,0,8,8033091
19,44,980,2740067,2880558,3343373,13,1030,0,0,3,8033091
1,82,82,464286,552207,464286,0,1000,0,0,2,6179820
2,63,145,506521,526971,128597,0,1002,0,0,0,6179820
3,40,185,5886695,5938351,531104,5,1004,2,0,1,6179820
4,79,264,2530545,2599911,423240,5,1006,0,0,0,6179820
5,36,300,8325961,8354020,970804,26,1003,2,0,5,6179820
6,84,384,1196565,1238400,516765,26,1005,0,0,8,6179820
7,39,423,7501384,7533650,1219338,35,1005,2,0,7,6179820
8,34,457,8308510,8349814,1978887,15,1004,1,0,0,6179820
9,53,510,8153991,8169348,3306454,12,1003,1,0,3,6179820
10,60,570,7084795,7170098,3742229,10,1002,0,0,1,6179820
11,39,609,2016782,2107731,3242720,10,1006,0,0,16,6179820
12,60,669,6613420,6650390,3614106,16,1013,1,0,0,6179820
13,42,711,6832696,6904473,3883049,37,1017,1,0,3,6179820
14,71,778,790879,795755,3299435,0,1015,3,4,2,6179820
15,32,810,6309737,6476810,3475397,0,1015,0,0,2,6179820
16,65,875,524466,548777,2401555,0,1014,0,0,0,6179820
17,45,920,4990816,5070111,2519375,0,1015,0,0,3,6179820
18,33,953,6199185,6238589,2846146,15,1017,1,0,7,6179820
19,24,977,9541400,9609350,3450088,15,1019,0,0,1,6179820
1,55,55,6219594,6220684,6219595,0,1000,0,0,5,148139
2,52,107,2319915,2322075,4390148,10,1001,1,0,1,148139
3,43,150,4594256,4595198,4250987,18,1006,0,0,28,148139
4,56,206,8505890,8506088,5795611,0,1014,1,0,18,148139
5,42,248,5737425,5739965,5939214,0,1016,0,0,7,148139
6,97,345,151428,151556,3404359,0,1018,0,0,17,148139
7,50,395,4474408,4475650,3300195,22,1023,2,0,9,148139
8,70,465,234729,234947,1444843,28,1024,1,0,5,148139
9,97,562,341504,342045,627483,2,1028,1,0,5,148139
10,51,613,9027225,9027684,1257551,2,1031,0,0,19,148139
11,26,639,7659938,7661221,1478988,17,1031,2,0,15,148139
12,63,702,5757955,5759035,1801246,15,1032,1,0,4,148139
13,37,739,8608933,8610703,2321824,17,1039,1,0,6,148139
14,47,786,7881395,7882245,2864260,24,1041,1,0,23,148139
15,34,820,5628309,5632506,2939378,24,1041,1,0,17,148139
16,34,854,6578919,6579488,3383513,39,1042,1,0,14,148139
17,63,917,1038841,1040504,2646175,37,1044,1,0,8,148139
18,30,947,7137721,7138899,3086637,32,1049,1,0,15,148139
19,28,975,8829986,8830893,3532527,35,1051,1,0,14,148139
1,59,59,5512192,5569803,5512193,0,1000,0,0,0,2743842
2,28,87,8430955,8440075,6724112,0,1003,1,0,5,2743842
3,47,122,3598516,3600467,6945587,2,1004,4,12,2,2743842
4,56,178,8505890,8510918,7389889,0,1007,1,0,19,2743842
5,52,230,1974085,2003021,6990465,4,1008,1,0,0,2743842
6,67,297,5167534,5198939,6836822,4,1006,0,0,2,2743842
7,64,361,1550384,1559288,5908472,0,1006,2,0,4,2743842
8,76,437,77720,78968,3528199,2,1004,1,0,3,2743842
9,63,500,5943002,5968539,3973595,2,1003,0,0,6,2743842
10,80,580,1426967,1436287,3133820,3,1003,2,0,6,2743842
11,36,616,2990395,3035477,2824820,3,1004,0,0,11,2743842
12,59,675,6929738,6943148,3290758,17,1003,2,0,3,2743842
13,49,724,3649759,3694633,3163403,17,1006,0,0,1,2743842
14,49,773,7350108,7363874,3581460,9,1011,2,0,3,2743842
15,30,803,7564295,7602268,3864892,3,1012,1,0,1,2743842
16,35,838,6260150,6282189,4163919,3,1010,0,0,2,2743842
17,40,878,6406909,6436939,4353066,3,1009,0,0,0,2743842
18,39,917,4149626,4183900,4301004,3,1006,0,0,0,2743842
19,45,962,2683906,2698810,4049341,43,1005,2,0,0,2743842
1,61,61,5105387,5187777,5105388,10,1000,0,0,11,3421756
2,51,112,2461036,2500848,3564816,10,1000,0,0,8,3421756
3,23,135,9214829,9220864,5864803,10,998,0,0,1,3421756
4,77,212,3178228,3220563,5280464,10,997,0,0,2,3421756
5,43,255,5641566,5666210,5403434,10,994,2,0,1,3421756
6,68,323,4884106,4924472,5275071,10,994,0,0,8,3421756
7,92,411,61877,61979,2006767,12,993,3,4,0,3421756
8,35,446,7870183,7908209,2768126,12,996,0,0,10,3421756
9,52,498,8348192,8351543,4078899,5,996,2,0,15,3421756
10,82,580,968464,991389,3098521,5,998,0,0,0,3421756
11,33,613,4211433,4278529,2981519,5,996,0,0,7,3421756
12,53,666,8280416,8291883,3790226,12,998,2,0,9,3421756
13,41,707,7016843,7070964,4106771,12,1000,0,0,13,3421756
14,61,768,3181025,3207881,3830544,0,999,2,0,3,3421756
15,34,802,5311001,5397736,3896219,0,998,0,0,2,3421756
16,38,840,5657806,5688740,4051237,0,995,0,0,1,3421756
17,35,875,7915332,7923961,4472563,10,992,2,0,0,3421756
18,37,912,4724615,4772770,4490517,10,992,0,0,2,3421756
19,43,955,3068994,3126618,4308609,10,990,0,0,0,3421756
1,45,45,7380622,7439870,7380622,45,1000,0,0,21,6921668
2,54,99,1768008,1826662,5424706,45,1000,0,0,4,6921668
3,58,157,936791,963698,3362997,4,1002,0,0,0,6921668
4,75,232,3910181,4009927,3235785,4,1004,0,0,0,6921668
5,53,285,1769514,1799399,2303142,25,1005,2,0,10,6921668
6,57,342,7776465,7813332,3687486,30,1001,1,0,8,6921668
7,57,399,2633734,2692558,2956780,30,1000,0,0,4,6921668
8,45,444,4601788,4665592,2920053,4,1001,1,0,2,6921668
9,54,498,7830803,7907816,4065096,4,1003,0,0,10,6921668
10,69,567,4165402,4287129,3916951,4,1002,0,0,2,6921668
11,39,606,2016782,2121779,3425138,4,999,0,0,26,6921668
12,64,670,5283179,5382573,3543104,4,999,0,0,8,6921668
13,51,721,2920264,3040049,3297700,4,1000,0,0,12,6921668
14,57,778,4308663,4431736,3275391,4,1001,0,0,8,6921668
15,27,805,8532746,8676013,3722733,4,1002,0,0,2,6921668
16,33,838,6640690,6711064,4135963,4,1003,0,0,1,6921668
17,52,890,3094671,3162485,3804962,4,1005,0,0,16,6921668
18,39,929,4149626,4250612,3799779,4,1006,0,0,2,6921668
19,24,953,9541400,9620839,4375260,4,1006,0,0,1,6921668
1,77,77,1221598,1349747,1221598,0,1000,0,0,18,4888276
2,32,109,7724382,7760418,4033808,0,1001,0,0,4,4888276
3,49,154,2986669,2996780,3827271,6,999,3,4,7,4888276
4,93,247,354385,366470,1644750,6,1000,0,0,10,4888276
5,48,291,3530890,3537998,1765403,25,1003,3,4,8,4888276
6,60,351,6996165,7045177,2901673,36,1005,0,0,9,4888276
7,49,400,4549957,4599139,2901084,36,1010,0,0,4,4888276
8,39,439,6546667,6615067,3326575,36,1007,0,0,2,4888276
9,59,490,7030061,7030759,4609783,8,1007,4,8,4,4888276
10,79,569,1463731,1512182,3822845,8,1009,0,0,20,4888276
11,33,602,4211433,4312296,3710959,8,1012,0,0,-4,4888276
12,78,680,1566384,1601265,2979354,8,1012,0,0,0,4888276
13,46,726,4889074,4982415,3029399,8,1017,0,0,1,4888276
14,52,778,6110416,6187951,3286025,8,1019,0,0,0,4888276
15,32,810,6309737,6436365,3465266,8,1018,0,0,0,4888276
16,36,846,6065813,6111113,3762004,8,1014,0,0,9,4888276
17,33,879,8177026,8233529,4294111,8,1011,0,0,3,4888276
18,32,911,6300487,6375014,4525282,8,1011,0,0,1,4888276
19,33,944,6953100,7054300,4721381,8,1009,0,0,0,4888276
1,61,61,5105387,5235509,5105388,10,1000,0,0,19,5204864
2,41,102,5594758,5665696,5089035,30,1002,1,0,5,5204864
3,39,133,6290668,6303058,6117100,58,1003,3,8,13,5204864
4,88,217,868960,882260,4902880,2,1007,2,4,18,5204864
5,35,252,8386418,8456724,5686613,2,1008,0,0,2,5204864
6,54,306,8228839,8266963,6384949,2,1008,0,0,3,5204864
7,30,336,9148136,9178027,7131817,2,1008,0,0,4,5204864
8,43,371,5458214,5461713,7381837,2,1004,4,8,6,5204864
9,86,457,1337490,1383555,6386279,2,1005,0,0,3,5204864
10,59,516,7363818,7427969,6653922,2,1005,0,0,9,5204864
11,24,540,8124021,8205664,6961206,2,1006,0,0,6,5204864
12,62,602,5879487,5945534,6907847,2,1008,0,0,1,5204864
13,41,639,7377932,7386929,7168883,0,1010,3,4,2,5204864
14,67,706,1329009,1379826,6683788,0,1010,0,0,0,5204864
15,46,752,1290584,1304595,6270033,0,1009,2,0,6,5204864
16,55,807,2009695,2039317,5549983,1,1010,1,0,2,5204864
17,55,862,2398421,2439236,5025398,1,1013,0,0,0,5204864
18,40,898,4128710,4135467,5037683,17,1018,3,4,3,5204864
19,45,943,2434676,2513743,4772448,17,1019,0,0,17,5204864
1,46,46,7300466,7368403,7300466,0,1000,0,0,2,7154689
2,41,83,5700608,5723705,7051889,13,998,2,4,0,7154689
3,33,108,8044288,8055431,7625827,25,997,3,8,2,7154689
4,94,194,348856,350627,6640213,11,995,3,8,3,7154689
5,60,254,418170,451444,5543642,11,993,0,0,2,7154689
6,60,314,7181346,7207974,5937666,10,993,2,0,4,7154689
7,48,362,4952204,5011816,5853975,10,996,1,0,3,7154689
8,32,390,8833828,8856820,6614101,12,996,2,4,1,7154689
9,54,444,7972603,7992482,6925334,1,994,1,0,3,7154689
10,73,517,2922255,3033170,6620478,1,994,0,0,9,7154689
11,27,540,7315331,7326361,6970410,1,994,3,4,3,7154689
12,80,612,1377841,1384815,6551272,14,995,3,8,8,7154689
13,50,662,3481538,3555249,6363064,13,999,1,0,4,7154689
14,59,721,3784835,3855542,6132596,27,994,1,0,13,7154689
15,55,776,260945,267685,5248687,6,998,1,0,2,7154689
16,53,829,2269029,2325726,4594352,6,1000,0,0,1,7154689
17,49,878,4060345,4106135,4364218,1,999,2,0,6,7154689
18,28,906,7719054,7742113,4742331,4,1001,1,0,10,7154689
19,37,943,5639271,5706412,4780429,0,1003,1,0,13,7154689
1,65,65,4185957,4233058,4185958,0,1000,0,0,13,1610409
2,56,121,1384353,1400620,2126578,0,1000,0,0,2,1610409
3,41,162,5431720,5451181,2748826,0,1000,1,0,21,1610409
4,72,234,5146569,5164879,3020483,0,1001,0,0,9,1610409
5,50,284,2446419,2468264,2407245,0,999,0,0,10,1610409
6,83,367,1350230,1360237,1465947,0,998,0,0,3,1610409
7,61,428,2019375,2026319,932953,8,1000,2,0,19,1610409
8,40,468,6187712,6207429,1268278,8,1002,0,0,0,1610409
9,52,520,8193328,8203337,2636965,8,1004,0,0,13,1610409
10,61,581,6792725,6810861,3024393,8,1005,0,0,13,1610409
11,35,616,3370652,3397591,2781241,8,1004,0,0,4,1610409
12,48,664,8952927,8959522,3892583,8,1004,0,0,7,1610409
13,49,713,3866600,3889619,3754343,6,1004,1,0,6,1610409
14,62,775,2619011,2638334,3437357,6,1004,0,0,13,1610409
15,27,802,8532746,8557483,3883390,6,1004,0,0,13,1610409
16,28,830,7554418,7565235,4513031,6,1003,0,0,2,1610409
17,23,853,9802942,9810009,5368460,6,1005,0,0,0,1610409
18,48,901,2035285,2047856,4903639,6,1004,0,0,0,1610409
19,39,940,4550721,4581546,4863174,6,1005,0,0,3,1610409
1,52,52,6656767,6690537,6656768,0,1000,0,0,0,2709125
2,47,99,3727130,3769671,5472637,0,1000,1,0,5,2709125
3,38,137,6332454,6359151,5691643,1,1002,0,0,5,2709125
4,79,216,2647328,2688715,4934026,5,1005,1,0,15,2709125
5,49,265,2977394,3013176,4496504,4,1005,1,0,5,2709125
6,55,320,8050814,8070005,5496244,4,1007,0,0,2,2709125
7,43,335,6501442,6501544,7183296,3,1007,8,28,9,2709125
8,55,390,1851156,1867253,6612438,3,1008,1,0,1,2709125
9,69,447,4811382,4812033,6812090,0,1009,4,12,6,2709125
10,87,530,503930,508071,6055433,0,1008,2,4,9,2709125
11,46,560,828527,828639,6147820,1,1015,5,16,0,2709125
12,62,622,6049495,6068252,6139911,0,1019,1,0,2,2709125
13,34,648,9387590,9389774,6886065,4,1021,3,8,13,2709125
14,44,692,8617152,8627718,7142200,0,1021,1,0,10,2709125
15,35,727,4814801,4879907,7125285,0,1021,0,0,3,2709125
16,71,798,160602,164970,5919484,0,1021,0,0,1,2709125
17,52,850,3094671,3117182,5513654,0,1020,0,0,10,2709125
18,46,896,2544535,2574521,5119551,0,1023,1,0,3,2709125
19,44,940,2740067,2781433,4892027,0,1024,0,0,9,2709125
1,65,65,4185957,4364931,4185958,0,1000,0,0,9,5916503
2,43,108,4991776,5074540,4242149,0,1000,1,0,1,5916503
3,42,150,5075485,5150233,4270163,0,1000,1,0,0,5916503
4,78,228,2963543,3055866,3720414,3,1001,1,0,1,5916503
5,51,279,2124361,2207625,2978704,3,999,0,0,0,5916503
6,46,325,9301213,9310901,5137533,6,999,1,0,12,5916503
7,45,370,5866840,5904313,5303809,0,999,2,0,2,5916503
8,35,405,7870183,7946877,5788080,4,997,0,0,0,5916503
9,67,472,5044467,5109813,5631694,4,997,0,0,4,5916503
10,66,538,5433832,5472104,5634760,0,997,2,0,1,5916503
11,40,578,1916584,1953052,5187176,0,999,1,0,17,5916503
12,74,652,2551213,2596224,4601724,5,999,1,0,3,5916503
13,38,690,8130691,8212121,5042146,5,1000,0,0,0,5916503
14,64,754,2248768,2284293,4579763,15,1001,2,0,1,5916503
15,36,790,4641019,4720300,4535087,2,1004,1,0,2,5916503
16,44,834,4363134,4407334,4343920,2,1004,1,0,0,5916503
17,32,866,8562364,8571676,4857463,4,1003,1,0,0,5916503
18,36,902,5037933,5134706,4879984,4,1001,0,0,0,5916503
19,37,939,5716764,5746565,4916424,8,1000,2,0,0,5916503
1,45,45,7380622,7412063,7380622,0,1000,0,0,11,4277107
2,59,100,1033769,1041563,5396369,9,1000,2,4,10,4277107
3,44,144,4382822,4435216,5006301,2,1002,1,0,10,4277107
4,76,220,3533268,3588704,4561116,2,1004,0,0,12,4277107
5,42,258,6141267,6147833,5199724,12,1003,3,4,8,4277107
6,47,305,9216227,9224633,6443485,12,1003,1,0,11,4277107
7,36,337,8205539,8224543,7100002,10,1003,2,4,9,4277107
8,59,396,1163301,1180444,6311552,9,1004,1,0,5,4277107
9,72,468,3935912,3979414,5860464,9,1006,0,0,24,4277107
10,75,543,2369338,2423815,5378029,9,1007,0,0,14,4277107
11,27,570,7254028,7287449,5639277,11,1009,2,0,3,4277107
12,85,655,663855,682072,4447197,14,1011,1,0,2,4277107
13,34,689,9324754,9346516,5109372,10,1012,1,0,4,4277107
14,39,728,9371683,9397562,5829872,10,1013,0,0,7,4277107
15,40,768,2702547,2785428,5602174,10,1012,0,0,0,4277107
16,46,814,3920636,3947486,5254685,0,1005,2,0,0,4277107
17,40,854,6589574,6607749,5348902,6,1006,1,0,0,4277107
18,50,904,1758015,1791222,4809965,7,1008,1,0,3,4277107
19,35,939,6175331,6264898,4918229,7,1011,0,0,3,4277107
1,43,43,7520412,7534872,7520411,0,1000,0,0,8,2727815
2,41,84,5454797,5487776,6931087,0,1000,0,0,8,2727815
3,52,136,2007829,2026305,5769474,0,997,0,0,6,2727815
4,77,213,3435882,3461394,5209964,8,996,2,0,2,2727815
5,53,266,1562127,1591511,4384487,8,996,0,0,17,2727815
6,64,330,6191151,6205189,4743865,12,998,2,0,14,2727815
7,39,369,7310831,7335348,5357678,12,1001,0,0,2,2727815
8,57,426,1389514,1412607,4336237,12,1004,0,0,3,2727815
9,77,503,2894002,2921484,3740152,12,1006,0,0,3,2727815
10,79,582,1463731,1488560,2962981,12,1008,0,0,2,2727815
11,39,621,2256053,2267595,2476726,3,1007,2,0,1,2727815
12,55,676,7711190,7733593,3195990,3,1006,0,0,5,2727815
13,29,705,9923641,9931899,4212828,3,1008,0,0,0,2727815
14,58,763,3950054,3990862,4088624,3,1007,0,0,2,2727815
15,29,792,7715042,7771961,4415044,3,1008,0,0,0,2727815
16,38,830,5657806,5681483,4515707,3,1005,0,0,0,2727815
17,42,872,6062725,6076928,4592618,0,1005,2,0,0,2727815
18,26,898,8026002,8055839,5021134,0,1003,0,0,0,2727815
19,34,932,6837345,6865607,5159622,0,1003,1,0,0,2727815
1,64,64,4429641,4491396,4429642,0,1000,0,0,5,2208579
2,23,83,8856400,8857140,7051889,48,1001,2,4,1,2208579
3,38,97,6656189,6656460,8012508,8,1001,7,24,24,2208579
4,72,169,5300005,5341152,7737278,11,1008,1,0,8,2208579
5,36,205,8076958,8107140,7946025,11,1009,0,0,23,2208579
6,67,272,5385142,5398603,7793350,10,1008,2,0,22,2208579
7,79,351,314979,317079,6470273,11,1012,1,0,7,2208579
8,48,399,3641337,3660890,6161228,17,1013,1,0,4,2208579
9,72,471,4046568,4064873,5714729,0,1016,1,0,17,2208579
10,75,546,2369338,2394974,5226353,0,1019,0,0,8,2208579
11,33,579,4564833,4582275,5156096,1,1019,2,0,10,2208579
12,68,647,4075680,4098390,4901970,1,1024,0,0,6,2208579
13,48,695,4370738,4388805,4803764,0,1028,2,0,4,2208579
14,62,757,2619011,2646767,4443922,0,1030,0,0,5,2208579
15,33,790,5810339,5863190,4551771,0,1029,0,0,10,2208579
16,17,807,9743420,9745196,5556800,2,1024,2,0,3,2208579
17,49,856,3874577,3894556,5274975,6,1014,0,0,3,2208579
18,36,892,5037933,5068106,5260580,6,1017,0,0,2,2208579
19,40,932,4404616,4434443,5176380,4,1017,1,0,8,2208579
1,62,62,4888611,5071330,4888612,0,1000,0,0,9,6838461
2,49,111,2997351,3097394,3723117,0,1002,0,0,0,6838461
3,53,164,1935232,1978080,2521263,16,1004,2,0,2,6838461
4,54,218,8646115,8657351,4759370,20,1007,1,0,8,6838461
5,29,247,9510837,9536038,6015328,20,1006,0,0,2,6838461
6,63,310,6450795,6481305,6152652,11,1002,2,0,15,6838461
7,41,351,6907847,6965953,6448164,21,1004,1,0,3,6838461
8,42,393,5474069,5576915,6446890,1,1000,0,0,12,6838461
9,71,464,4153064,4226208,6043135,1,1006,0,0,12,6838461
10,56,516,8302481,8311124,6651182,1,1009,3,4,13,6838461
11,24,540,8307404,8377859,6961206,3,1012,1,0,13,6838461
12,48,588,9030963,9047755,7360019,18,1014,1,0,2,6838461
13,51,627,3260068,3263526,7515515,0,1011,4,12,13,6838461
14,79,706,112901,122896,6686758,0,1013,0,0,2,6838461
15,35,741,5236637,5281907,6672591,0,1011,2,0,11,6838461
16,68,809,300264,318362,5468520,0,1013,0,0,4,6838461
17,36,845,7675149,7694516,5696215,2,1018,2,0,0,6838461
18,55,896,1003598,1024938,5113933,5,1020,2,4,2,6838461
19,32,928,7323594,7471775,5316128,5,1023,0,0,3,6838461
1,66,66,3935101,4158902,3935101,0,1000,0,0,2,7155408
2,35,101,7195057,7262424,5220568,19,1001,1,0,2,7155408
3,58,159,980024,1018009,3149073,23,1004,1,0,2,7155408
4,55,214,8540758,8561030,5119803,23,1005,0,0,3,7155408
5,42,256,5737425,5877286,5319796,23,1003,0,0,8,7155408
6,61,317,6755379,6836651,5696561,23,1001,0,0,10,7155408
7,53,370,3637844,3689237,5283858,19,999,1,0,4,7155408
8,30,400,9180418,9204994,6069814,11,998,1,0,0,7155408
9,55,455,7639567,7721977,6454882,11,996,0,0,2,7155408
10,76,531,2316575,2346762,5979356,0,995,2,0,0,7155408
11,36,567,2990395,3129694,5773226,0,998,0,0,1,7155408
12,44,611,9401372,9429603,6568109,0,998,0,0,0,7155408
13,53,664,2274812,2386194,6256064,0,998,0,0,1,7155408
14,55,719,5320001,5365335,6191128,6,1001,2,0,18,7155408
15,22,741,9949364,9960752,6661632,6,1001,1,0,4,7155408
16,51,792,2635992,2699018,6123916,6,1004,0,0,2,7155408
17,44,836,5276588,5374976,6010007,6,1005,0,0,0,7155408
18,40,876,3873107,3974701,5804313,6,1005,0,0,0,7155408
19,47,923,1878222,1975288,5474517,6,1005,0,0,0,7155408
2,63,63,506521,539532,7872067,2,1000,0,0,12,9023689
3,46,109,3731546,3827998,7571125,6,1004,1,0,5,9023689
4,76,185,3674169,3804811,7069990,9,1007,1,0,5,9023689
5,44,229,4840473,5032744,7013702,9,1007,0,0,0,9023689
6,61,290,6755379,6869966,7121618,9,1007,0,0,0,9023689
7,52,342,3768955,3870059,6865403,9,1003,0,0,1,9023689
8,44,382,5087326,5104506,6946346,17,1005,3,4,1,9023689
9,63,445,5943002,6061070,6869298,17,1005,0,0,8,9023689
10,70,515,3846011,4007527,6681166,0,1000,0,0,5,9023689
11,39,554,2016782,2169236,6387958,0,1008,0,0,17,9023689
12,77,631,1757484,1841027,5692796,0,1009,0,0,5,9023689
13,33,664,9402972,9478722,6254466,0,1011,0,0,7,9023689
14,60,724,3261737,3414384,5981885,0,1012,0,0,3,9023689
15,33,757,6236798,6288654,6058698,5,1008,2,0,3,9023689
16,52,809,2538887,2582342,5451522,1,1007,1,0,5,9023689
17,41,850,6129635,6273862,5490026,1,1007,0,0,2,9023689
18,39,889,4149626,4285096,5351473,1,1006,0,0,2,9023689
19,31,920,7680380,7886918,5575295,1,1007,0,0,5,9023689
1,69,69,3163317,3218897,3163317,0,1000,0,0,0,1550347
2,44,113,4684189,4709077,3467695,0,1003,1,0,8,1550347
3,31,144,8293402,8301635,4951950,1,1010,0,0,11,1550347
4,71,215,5690262,5716478,5027574,1,1014,1,0,6,1550347
5,39,254,6996421,7023332,5485132,1,1014,0,0,1,1550347
6,54,308,8364467,8368574,6259865,2,1012,2,0,9,1550347
7,53,361,3637844,3650943,5881842,2,1013,1,0,2,1550347
8,38,395,7146965,7158600,6350745,4,1012,2,4,0,1550347
9,64,459,5855704,5864519,6289012,0,1014,1,0,14,1550347
10,67,522,5102296,5115266,6404336,4,1014,2,4,6,1550347
11,33,547,4629145,4631736,6699427,0,1015,3,8,4,1550347
12,68,607,4347169,4349805,6737953,0,1014,3,8,5,1550347
13,50,657,3274038,3296372,6553553,0,1016,0,0,8,1550347
14,75,732,292626,296699,5658769,0,1017,0,0,4,1550347
15,36,768,4346306,4378966,5606733,0,1016,0,0,2,1550347
16,33,801,6640690,6651581,5792608,0,1014,0,0,3,1550347
17,54,855,2620748,2631463,5307267,0,1017,0,0,2,1550347
18,32,887,6300487,6318832,5433358,0,1019,0,0,2,1550347
19,26,913,9130007,9145752,5814978,0,1020,0,0,2,1550347
1,96,96,11975,13445,11975,0,1000,0,0,9,3557091
2,42,138,5154727,5197066,366894,0,1002,0,0,2,3557091
3,37,175,6882958,6909335,1290433,6,1004,2,0,1,3557091
4,85,260,1195530,1218400,619055,6,1003,0,0,3,3557091
5,40,300,6589861,6651218,944339,6,1004,0,0,0,3557091
6,57,357,7659396,7689210,2296086,6,1000,0,0,13,3557091
7,19,376,9905971,9909000,4843669,6,998,0,0,6,3557091
8,53,429,2340313,2358494,4104615,2,994,2,0,1,3557091
9,50,479,8525765,8551922,5236862,2,994,0,0,3,3557091
10,74,553,2640608,2688758,4782185,10,991,0,0,5,3557091
11,19,572,9504954,9531812,5505229,10,997,0,0,14,3557091
12,69,641,4004191,4026975,5189358,2,995,2,0,8,3557091
13,40,681,7409996,7463508,5487850,2,1000,0,0,3,3557091
14,47,720,7962236,7963295,6154040,3,999,4,8,2,3557091
15,34,754,5311001,5401678,6183025,3,998,0,0,0,3557091
16,40,794,5212319,5246611,6051348,3,997,0,0,8,3557091
17,46,840,4706590,4745466,5867520,3,997,0,0,2,3557091
18,35,875,5626039,5645121,5841109,0,996,2,0,2,3557091
19,32,907,7323594,7391008,6001467,0,998,0,0,6,3557091
1,72,72,2372852,2568253,2372852,5,1000,0,0,9,5559817
2,42,114,5293478,5370471,3307367,14,1002,1,0,7,5559817
3,48,162,3122324,3184479,2770711,3,1004,1,0,2,5559817
4,99,261,128150,133311,565417,3,1007,0,0,0,5559817
5,38,299,7572009,7646175,1022387,1,1007,1,0,5,5559817
6,55,354,8050814,8095247,2572779,1,1009,0,0,9,5559817
7,38,392,7564907,7618815,3550081,1,1007,0,0,4,5559817
8,26,418,9609598,9640094,4922373,1,1004,0,0,0,5559817
9,66,484,5269349,5329970,4940041,1,1003,0,0,0,5559817
10,62,546,6487098,6568121,5184639,1,1000,0,0,0,5559817
11,27,573,7254028,7296024,5453165,4,1001,2,0,0,5559817
12,68,641,4239514,4281085,5189358,6,998,1,0,0,5559817
13,41,682,7016843,7112059,5438825,6,999,0,0,0,5559817
14,61,743,2932497,3015734,5120542,6,998,0,0,0,5559817
15,42,785,2060928,2152118,4774174,6,1000,0,0,0,5559817
16,21,806,8834332,8896209,5573810,6,1001,0,0,0,5559817
17,35,841,7712654,7784732,5825891,6,1001,0,0,0,5559817
18,17,858,9764906,9806826,6373051,6,1001,0,0,0,5559817
19,48,906,1640897,1706581,6026368,6,1000,0,0,0,5559817
2,58,58,1059989,1119210,7995013,4,1003,0,0,5,8722828
3,32,86,8227775,8265093,8364044,43,1011,2,4,9,8722828
4,73,159,4888836,5031760,8074826,38,1013,1,0,8,8722828
5,30,185,9491595,9503288,8493703,0,1012,2,4,2,8722828
6,87,272,860156,894062,7786721,0,1010,1,0,7,8722828
7,66,322,1314420,1315301,7645293,7,1010,5,16,18,8722828
8,44,366,4950399,5024874,7553386,9,1015,1,0,9,8722828
9,97,463,316697,339481,6112802,1,1021,0,0,5,8722828
10,64,527,6031796,6090184,6188510,4,1021,1,0,12,8722828
11,43,570,1127847,1222097,5642031,4,1030,0,0,11,8722828
12,37,607,9913499,9917377,6736804,8,1029,2,0,20,8722828
13,26,621,10152697,10152996,7672052,3,1032,4,12,13,8722828
14,73,694,448474,488181,7078832,3,1036,0,0,5,8722828
15,30,724,7263565,7507977,7207892,3,1035,0,0,6,8722828
16,44,768,4363134,4417559,6931359,12,1033,1,0,11,8722828
17,37,805,7425020,7450499,6992747,29,1033,2,0,0,8722828
18,47,844,2422981,2432443,6786617,19,1035,3,8,6,8722828
19,42,886,3642556,3716133,6627686,16,1037,1,0,6,8722828
1,55,55,6219594,6258183,6219595,0,1000,0,0,1,2491189
2,42,93,5401150,5409210,6193618,5,1001,2,4,4,2491189
3,42,131,5181362,5205089,6287838,8,1002,2,4,5,2491189
4,83,206,1740368,1743403,5846480,7,1002,3,8,12,2491189
5,42,248,5953047,5994256,5987387,1,1007,1,0,2,2491189
6,41,289,9608233,9610127,7185104,3,1005,1,0,21,2491189
7,57,342,2781530,2794340,6893577,11,1008,2,4,8,2491189
8,50,388,3116435,3132324,6706124,20,1011,2,4,13,2491189
9,71,455,4329116,4337478,6481742,20,1016,2,4,8,2491189
10,54,493,8702693,8703014,7461066,0,1015,5,16,7,2491189
11,26,519,7342681,7388452,7635936,0,1019,0,0,0,2491189
12,53,572,8280416,8288894,7794171,1,1019,2,0,0,2491189
13,30,598,9906509,9909587,8171191,4,1018,2,4,2,2491189
14,61,647,3250364,3251752,8175923,1,1018,4,12,10,2491189
15,33,680,5810339,5870962,8194905,1,1014,0,0,0,2491189
16,60,740,1102896,1117722,7651442,1,1015,0,0,5,2491189
17,52,792,3094671,3115013,7331447,1,1018,0,0,0,2491189
18,50,842,1810708,1823394,6841330,9,1022,2,0,2,2491189
19,43,885,3278519,3312563,6656202,13,1024,1,0,3,2491189
1,26,26,8009091,8010618,8009090,0,1000,0,0,3,2708424
2,22,48,8865057,8869240,8279386,0,999,0,0,3,2708424
3,56,104,1224376,1236579,7746289,0,993,0,0,1,2708424
4,33,133,9493202,9493295,8736078,52,989,3,4,5,2708424
5,54,183,1509864,1520066,8537339,52,986,2,4,6,2708424
6,63,246,6246195,6273983,8463943,52,986,0,0,7,2708424
7,82,328,205835,208734,7430182,52,987,0,0,16,2708424
8,50,378,2918850,2947749,7108447,52,989,0,0,3,2708424
9,46,424,9091852,9105929,7576372,52,992,0,0,16,2708424
10,29,453,10107118,10108117,8392531,52,992,0,0,2,2708424
11,41,494,1515675,1541517,8217757,52,994,0,0,6,2708424
12,47,541,9081576,9093077,8412461,52,997,0,0,4,2708424
13,59,600,926426,945896,8124516,52,996,0,0,5,2708424
14,40,640,9222364,9238630,8287653,52,996,0,0,11,2708424
15,51,691,483875,496508,7982963,52,996,0,0,2,2708424
16,36,727,6065813,6087842,7912665,52,997,0,0,5,2708424
17,57,784,1979556,1996838,7508890,52,999,0,0,0,2708424
18,49,833,1860835,1880963,7057600,52,1001,0,0,0,2708424
19,44,877,2740067,2781417,6852353,52,1000,0,0,8,2708424
1,65,65,4185957,4349775,4185958,0,1000,0,0,7,5417606
2,23,84,8856400,8858905,6981384,4,1000,2,4,4,5417606
3,35,115,7485769,7518530,7323868,6,998,2,4,1,5417606
4,53,168,8677547,8690540,7765898,6,998,0,0,0,5417606
5,57,225,896772,911083,7205232,1,995,2,0,1,5417606
6,74,295,3457564,3491411,6929776,1,993,2,4,9,5417606
7,36,327,8205539,8228819,7476222,2,995,2,4,8,5417606
8,35,358,8095180,8122824,7799030,1,995,2,4,0,5417606
9,62,416,6354361,6367717,7808301,2,994,2,4,1,5417606
10,70,486,3846011,3931525,7657461,2,994,0,0,1,5417606
11,40,526,1750673,1820800,7431293,2,993,0,0,9,5417606
12,45,571,9379060,9387506,7815651,7,993,2,0,16,5417606
13,43,614,6188845,6288308,7837478,7,996,0,0,9,5417606
14,51,665,6452627,6537983,7820401,0,992,0,0,11,5417606
15,38,703,3473488,3596406,7736730,0,993,0,0,8,5417606
16,58,761,1541503,1565120,7128606,0,995,2,0,5,5417606
17,25,786,9576322,9615993,7471483,0,999,0,0,0,5417606
18,38,824,4431418,4509581,7283854,0,995,0,0,6,5417606
19,35,859,6515651,6541769,7296370,53,999,2,0,11,5417606
1,52,52,6656767,6726611,6656768,0,1000,0,0,0,4875640
2,42,94,5154727,5213652,6009404,27,1000,0,0,3,4875640
3,39,129,6224865,6264323,6419588,28,1000,2,4,3,4875640
4,61,190,8010609,8030332,6824018,28,1001,0,0,5,4875640
5,58,248,634153,662954,5939214,28,1002,0,0,3,4875640
6,65,313,5717020,5774456,5953588,28,999,0,0,8,4875640
7,68,381,983804,1003794,4455403,28,1001,0,0,-2,4875640
8,40,421,6187712,6259157,4703226,28,997,0,0,0,4875640
9,45,466,9209332,9237614,5932003,28,995,0,0,2,4875640
10,54,520,8519672,8561501,6469327,28,995,0,0,3,4875640
11,33,553,4211433,4312006,6425370,28,994,0,0,0,4875640
12,49,602,8814976,8843165,6895063,28,995,0,0,2,4875640
13,42,644,6608467,6693827,6994674,28,994,0,0,3,4875640
14,65,709,1785617,1841424,6561494,28,996,0,0,3,4875640
15,34,743,5311001,5440990,6582472,28,996,0,0,2,4875640
16,31,774,7015618,7059890,6729410,28,996,0,0,0,4875640
17,23,797,9802942,9831605,7188956,28,997,0,0,0,4875640
18,18,815,9625888,9664286,7473691,28,996,0,0,0,4875640
19,27,842,8885084,8955960,7644692,28,994,0,0,1,4875640
1,77,77,1221598,1392978,1221598,0,1000,0,0,0,6915794
2,30,95,8225858,8228213,6001729,19,1000,4,12,7,6915794
3,45,140,3932769,4008360,5449591,19,999,0,0,16,6915794
4,67,207,6888450,6956382,5747730,19,999,0,0,2,6915794
5,54,261,1325709,1400507,4899004,19,998,0,0,2,6915794
6,51,312,8691542,8735326,6025330,19,995,0,0,14,6915794
7,54,366,3287044,3352629,5560133,19,995,0,0,2,6915794
8,43,409,5121555,5226275,5532091,19,994,0,0,2,6915794
9,45,454,9209332,9256900,6498594,19,993,0,0,3,6915794
10,76,530,2120419,2209333,6022354,19,991,0,0,2,6915794
11,27,557,6924576,7065168,6251938,19,993,0,0,6,6915794
12,59,616,6723071,6812538,6363806,19,993,0,0,8,6915794
13,30,646,9827418,9858082,6930716,19,995,0,0,9,6915794
14,43,689,8677743,8751450,7209584,19,995,0,0,3,6915794
15,30,719,7263565,7444158,7332930,19,996,0,0,2,6915794
16,32,751,6828972,6899498,7379170,19,992,0,0,1,6915794
17,45,796,4990816,5082130,7217244,19,992,0,0,10,6915794
18,13,809,10178732,10211296,7603927,19,992,0,0,2,6915794
19,31,840,7680380,7823683,7686279,19,990,0,0,1,6915794
1,77,77,1221598,1360377,1221598,5,1000,0,0,11,5384211
2,46,103,4193748,4194994,5036285,3,1002,6,20,5,5384211
3,43,134,4922409,4926971,6047031,4,1008,4,12,10,5384211
4,77,203,3502090,3512350,6075067,9,1010,3,8,0,5384211
5,48,251,3166398,3258010,5781355,9,1010,0,0,6,5384211
6,59,310,7227815,7280895,6181534,9,1009,0,0,17,5384211
7,59,369,2247979,2287650,5406708,9,1010,0,0,2,5384211
8,34,403,8157840,8220665,5936081,9,1008,0,0,0,5384211
9,42,445,9509734,9534499,6886855,9,1004,0,0,0,5384211
10,77,522,1889867,1950426,6410429,9,1001,0,0,0,5384211
11,39,561,2016782,2093456,6090860,9,1000,0,0,0,5384211
12,68,629,4075680,4143863,5810776,9,1001,0,0,0,5384211
13,35,664,8984905,9036436,6270590,9,1003,0,0,0,5384211
14,52,716,6110416,6197530,6317975,9,1003,0,0,0,5384211
15,26,742,8878324,8968887,6632621,9,1004,0,0,0,5384211
16,14,756,10042281,10078822,7259136,9,1002,0,0,0,5384211
17,22,778,9898773,9927667,7647809,9,1003,0,0,0,5384211
18,32,802,6602867,6604467,7753186,2,1002,4,8,2,5384211
19,27,829,8885084,8965342,7899031,2,1000,0,0,0,5384211
1,40,40,7683779,7716614,7683778,10,1000,0,0,4,6596362
2,33,73,7523971,7580747,7557433,10,998,0,0,2,6596362
3,28,85,8908402,8909081,8399966,12,992,6,16,25,6596362
4,51,136,8804899,8820317,8682996,12,991,0,0,4,6596362
5,24,156,9768695,9768965,8991976,32,987,3,4,17,6596362
6,51,207,8691542,8732786,9071819,17,986,0,0,12,6596362
7,44,251,5943743,6016949,9046133,17,986,0,0,6,6596362
8,48,295,3762065,3774508,8995723,5,987,3,4,17,6596362
9,81,376,2138192,2198190,8636794,5,989,0,0,10,6596362
10,61,437,7014053,7051528,8662798,0,992,2,0,2,6596362
11,40,477,1750673,1840261,8534392,0,994,0,0,8,6596362
12,45,522,9363225,9375387,8704550,21,995,1,0,5,6596362
13,44,562,6091643,6139662,8727472,42,996,2,4,17,6596362
14,41,603,9185329,9199645,8796310,37,996,1,0,8,6596362
15,36,635,4743928,4785804,8817661,15,997,2,4,14,6596362
16,72,707,128831,137377,8272841,15,999,0,0,6,6596362
17,36,743,7651647,7669524,8292510,35,1000,1,0,24,6596362
18,33,776,5996426,6104467,8207335,35,1001,0,0,2,6596362
19,53,829,768876,813036,7899978,35,1003,0,0,6,6596362
1,34,34,7890203,7908848,7890202,0,1000,0,0,0,7032772
2,24,42,8809489,8810085,8519480,53,999,5,16,3,7032772
3,40,82,5652226,5737124,8491010,53,999,0,0,0,7032772
4,34,116,9457551,9464699,9005907,53,996,0,0,0,7032772
5,34,150,8672124,8749865,9066933,68,993,0,0,9,7032772
6,61,211,6888027,6936972,9026215,72,995,1,0,26,7032772
7,71,282,761808,777192,8612888,41,998,1,0,9,7032772
8,58,340,1310156,1339089,8256071,33,1000,1,0,1,7032772
9,70,410,4490767,4541360,7957141,29,1005,1,0,5,7032772
10,32,442,10088286,10088716,8584081,30,1004,1,0,5,7032772
11,52,494,271894,291031,8221784,30,1009,0,0,0,7032772
12,36,530,9921950,9935857,8589346,30,1012,0,0,9,7032772
13,37,567,8445531,8536097,8660772,30,1012,0,0,2,7032772
14,59,626,3600782,3718703,8504723,30,1011,0,0,3,7032772
15,27,653,8532746,8678950,8600096,30,1009,0,0,8,7032772
16,16,669,9753766,9829338,8780276,30,1008,0,0,9,7032772
17,36,705,7467164,7568691,8787699,30,1007,0,0,0,7032772
18,29,734,7229083,7345220,8759506,30,1010,0,0,1,7032772
19,32,766,7323594,7476945,8777867,30,1008,0,0,16,7032772
1,47,47,7213665,7235515,7213665,5,1000,0,0,3,2733209
2,32,79,7724382,7742535,7264242,5,999,0,0,3,2733209
3,25,104,9095738,9102866,7746289,5,996,0,0,1,2733209
4,39,143,9335061,9337725,8514676,5,995,0,0,2,2733209
5,21,164,9793327,9794478,8865769,5,991,0,0,6,2733209
6,46,210,9247979,9256567,9029659,5,988,0,0,6,2733209
7,44,254,5943743,5970081,9004494,5,988,0,0,6,2733209
8,18,272,9991583,9994597,9216894,5,988,0,0,1,2733209
9,54,326,7830803,7852750,9220421,5,987,0,0,7,2733209
10,58,384,7629949,7658862,9238872,5,987,0,0,2,2733209
11,38,422,2311526,2348859,9180420,5,987,0,0,6,2733209
12,35,457,9962171,9966032,9317974,5,988,0,0,4,2733209
13,15,472,10280391,10280786,9461330,5,990,0,0,3,2733209
14,31,503,10084005,10088552,9531244,5,989,0,0,0,2733209
15,36,539,4346306,4408725,9520499,5,989,0,0,0,2733209
16,24,563,8268672,8292691,9558928,5,989,0,0,0,2733209
17,46,609,4706590,4734750,9509678,5,991,0,0,0,2733209
18,16,625,9889719,9904212,9560701,5,994,0,0,0,2733209
19,32,657,7323594,7373252,9565728,5,995,0,0,0,2733209
14,59,59,3600782,3784717,10290860,2,1000,0,0,4,10352127
15,33,92,5810339,6128672,10291637,2,1002,0,0,2,10352127
16,65,157,590880,609945,10260193,0,1005,2,0,1,10352127
17,69,226,416539,438366,10229848,0,1007,1,0,2,10352127
18,41,267,3751695,3812297,10220252,7,1011,1,0,8,10352127
19,32,299,7323594,7579919,10224136,7,1012,0,0,10,10352127
